<?xml version="1.0"?>
<data grt_format="2.0">
  <value _ptr_="0x6000000bd0a0" type="list" content-type="object" content-struct-name="db.mgmt.Connection">
    <value type="object" struct-name="db.mgmt.Connection" id="2ACCBD70-7419-4294-86B7-A54618E29E06" struct-checksum="0x96ba47d8">
      <link type="object" struct-name="db.mgmt.Driver" key="driver">com.mysql.rdbms.mysql.driver.native</link>
      <value type="string" key="hostIdentifier">Mysql@115.29.139.173:3306</value>
      <value type="int" key="isDefault">0</value>
      <value _ptr_="0x6000002b3800" type="dict" key="modules"/>
      <value _ptr_="0x6000002b3860" type="dict" key="parameterValues">
        <value type="string" key="DbSqlEditor:LastDefaultSchema">jyq_sit</value>
        <value type="string" key="SQL_MODE"></value>
        <value type="string" key="hostName">115.29.139.173</value>
        <value type="int" key="lastConnected">1481782662</value>
        <value type="string" key="password"></value>
        <value type="int" key="port">3306</value>
        <value type="string" key="schema">jyq_sit</value>
        <value type="string" key="serverVersion">5.6.20-log</value>
        <value type="string" key="sslCA"></value>
        <value type="string" key="sslCert"></value>
        <value type="string" key="sslCipher"></value>
        <value type="string" key="sslKey"></value>
        <value type="int" key="useSSL">1</value>
        <value type="string" key="userName">jyqadm</value>
      </value>
      <value type="string" key="name">115.29.139.173</value>
      <link type="object" struct-name="GrtObject" key="owner">10DCD094-62C2-4952-A5AE-DA4BBBC0481B</link>
    </value>
    <value type="object" struct-name="db.mgmt.Connection" id="3E03A2C0-3A74-407E-B4AA-9731CC7E6D7A" struct-checksum="0x96ba47d8">
      <link type="object" struct-name="db.mgmt.Driver" key="driver">com.mysql.rdbms.mysql.driver.native</link>
      <value type="string" key="hostIdentifier">Mysql@127.0.0.1:3306</value>
      <value type="int" key="isDefault">0</value>
      <value _ptr_="0x6000002b39e0" type="dict" key="modules"/>
      <value _ptr_="0x6000002b3a40" type="dict" key="parameterValues">
        <value type="string" key="SQL_MODE"></value>
        <value type="string" key="hostName">127.0.0.1</value>
        <value type="int" key="lastConnected">1472884563</value>
        <value type="string" key="password"></value>
        <value type="int" key="port">3306</value>
        <value type="string" key="schema">traveler</value>
        <value type="string" key="serverVersion">5.7.14</value>
        <value type="string" key="sslCA"></value>
        <value type="string" key="sslCert"></value>
        <value type="string" key="sslCipher"></value>
        <value type="string" key="sslKey"></value>
        <value type="int" key="useSSL">1</value>
        <value type="string" key="userName">traveler</value>
      </value>
      <value type="string" key="name">traveler_127.0.0.1</value>
      <link type="object" struct-name="GrtObject" key="owner">10DCD094-62C2-4952-A5AE-DA4BBBC0481B</link>
    </value>
    <value type="object" struct-name="db.mgmt.Connection" id="003A5C00-9557-4E17-B5B4-7462C3E1CFF0" struct-checksum="0x96ba47d8">
      <link type="object" struct-name="db.mgmt.Driver" key="driver">com.mysql.rdbms.mysql.driver.native</link>
      <value type="string" key="hostIdentifier">Mysql@120.76.78.17:3306</value>
      <value type="int" key="isDefault">0</value>
      <value _ptr_="0x6000002b35c0" type="dict" key="modules"/>
      <value _ptr_="0x6000002b3d40" type="dict" key="parameterValues">
        <value type="string" key="DbSqlEditor:LastDefaultSchema">traveler</value>
        <value type="string" key="SQL_MODE"></value>
        <value type="string" key="hostName">120.76.78.17</value>
        <value type="int" key="lastConnected">1481782277</value>
        <value type="string" key="password"></value>
        <value type="int" key="port">3306</value>
        <value type="string" key="schema"></value>
        <value type="string" key="serverVersion">5.6.32</value>
        <value type="string" key="sslCA"></value>
        <value type="string" key="sslCert"></value>
        <value type="string" key="sslCipher"></value>
        <value type="string" key="sslKey"></value>
        <value type="int" key="useSSL">1</value>
        <value type="string" key="userName">root</value>
      </value>
      <value type="string" key="name">120.76.78.17</value>
      <link type="object" struct-name="GrtObject" key="owner">10DCD094-62C2-4952-A5AE-DA4BBBC0481B</link>
    </value>
    <value type="object" struct-name="db.mgmt.Connection" id="C4BE9478-B11F-4122-A48C-DD5277027B57" struct-checksum="0x96ba47d8">
      <link type="object" struct-name="db.mgmt.Driver" key="driver">com.mysql.rdbms.mysql.driver.native</link>
      <value type="string" key="hostIdentifier">Mysql@120.76.78.17:3306</value>
      <value type="int" key="isDefault">1</value>
      <value _ptr_="0x6000002b3ce0" type="dict" key="modules"/>
      <value _ptr_="0x6000002b4880" type="dict" key="parameterValues">
        <value type="string" key="DbSqlEditor:LastDefaultSchema">traveler</value>
        <value type="string" key="SQL_MODE"></value>
        <value type="string" key="hostName">120.76.78.17</value>
        <value type="int" key="lastConnected">1482646280</value>
        <value type="string" key="password"></value>
        <value type="int" key="port">3306</value>
        <value type="string" key="schema"></value>
        <value type="string" key="serverVersion">5.6.32</value>
        <value type="string" key="sslCA"></value>
        <value type="string" key="sslCert"></value>
        <value type="string" key="sslCipher"></value>
        <value type="string" key="sslKey"></value>
        <value type="int" key="useSSL">1</value>
        <value type="string" key="userName">traveler</value>
      </value>
      <value type="string" key="name">traveler _120.76.78.17</value>
      <link type="object" struct-name="GrtObject" key="owner">10DCD094-62C2-4952-A5AE-DA4BBBC0481B</link>
    </value>
    <value type="object" struct-name="db.mgmt.Connection" id="7CA0E693-F853-4D91-AED5-51A124B26DB9" struct-checksum="0x96ba47d8">
      <link type="object" struct-name="db.mgmt.Driver" key="driver">com.mysql.rdbms.mysql.driver.native</link>
      <value type="string" key="hostIdentifier">Mysql@35.163.84.117:3306</value>
      <value type="int" key="isDefault">0</value>
      <value _ptr_="0x6000002b3f80" type="dict" key="modules"/>
      <value _ptr_="0x6000002b3fe0" type="dict" key="parameterValues">
        <value type="string" key="SQL_MODE"></value>
        <value type="string" key="hostName">35.163.84.117</value>
        <value type="int" key="lastConnected">1480578311</value>
        <value type="string" key="password"></value>
        <value type="int" key="port">3306</value>
        <value type="string" key="schema"></value>
        <value type="string" key="serverVersion">5.7.16</value>
        <value type="string" key="sslCA"></value>
        <value type="string" key="sslCert"></value>
        <value type="string" key="sslCipher"></value>
        <value type="string" key="sslKey"></value>
        <value type="int" key="useSSL">1</value>
        <value type="string" key="userName">root</value>
      </value>
      <value type="string" key="name">35.163.84.117</value>
      <link type="object" struct-name="GrtObject" key="owner">10DCD094-62C2-4952-A5AE-DA4BBBC0481B</link>
    </value>
    <value type="object" struct-name="db.mgmt.Connection" id="3F11D07E-4C7A-4B33-8355-B26AD8702548" struct-checksum="0x96ba47d8">
      <link type="object" struct-name="db.mgmt.Driver" key="driver">com.mysql.rdbms.mysql.driver.native</link>
      <value type="string" key="hostIdentifier">Mysql@35.163.84.117:3306</value>
      <value type="int" key="isDefault">0</value>
      <value _ptr_="0x6000002b3b60" type="dict" key="modules"/>
      <value _ptr_="0x6000002b3bc0" type="dict" key="parameterValues">
        <value type="string" key="SQL_MODE"></value>
        <value type="string" key="hostName">35.163.84.117</value>
        <value type="int" key="lastConnected">1480063840</value>
        <value type="string" key="password"></value>
        <value type="int" key="port">3306</value>
        <value type="string" key="schema"></value>
        <value type="string" key="serverVersion">5.7.16</value>
        <value type="string" key="sslCA"></value>
        <value type="string" key="sslCert"></value>
        <value type="string" key="sslCipher"></value>
        <value type="string" key="sslKey"></value>
        <value type="int" key="useSSL">1</value>
        <value type="string" key="userName"></value>
      </value>
      <value type="string" key="name">35.163.84.117</value>
      <link type="object" struct-name="GrtObject" key="owner">10DCD094-62C2-4952-A5AE-DA4BBBC0481B</link>
    </value>
  </value>
</data>
