<?xml version="1.0"?>
<data grt_format="2.0">
  <value _ptr_="0x6000000bd040" type="list" content-type="object" content-struct-name="db.mgmt.ServerInstance">
    <value type="object" struct-name="db.mgmt.ServerInstance" id="84759295-CE5B-4455-939E-CC252E2766C9" struct-checksum="0x367436e2">
      <link type="object" struct-name="db.mgmt.Connection" key="connection">2ACCBD70-7419-4294-86B7-A54618E29E06</link>
      <value _ptr_="0x6080004b9620" type="dict" key="loginInfo"/>
      <value _ptr_="0x6080004b9680" type="dict" key="serverInfo">
        <value type="string" key="serverVersion">5.6.20-log</value>
        <value type="int" key="setupPending">0</value>
        <value type="string" key="sys.sudo"></value>
        <value type="int" key="sys.usesudo">0</value>
        <value type="int" key="sys.usesudostatus">0</value>
      </value>
      <value type="string" key="name">115.29.139.173</value>
    </value>
    <value type="object" struct-name="db.mgmt.ServerInstance" id="E9B324D0-E052-4000-82BE-661782E97F24" struct-checksum="0x367436e2">
      <link type="object" struct-name="db.mgmt.Connection" key="connection">3E03A2C0-3A74-407E-B4AA-9731CC7E6D7A</link>
      <value _ptr_="0x6080004b9fe0" type="dict" key="loginInfo">
        <value type="string" key="ssh.hostName"></value>
        <value type="string" key="ssh.key">~/.ssh/ssh_private_key</value>
        <value type="string" key="ssh.localPort">3306</value>
        <value type="int" key="ssh.useKey">0</value>
        <value type="string" key="ssh.userName">mysql</value>
      </value>
      <value _ptr_="0x6080004b9860" type="dict" key="serverInfo">
        <value type="string" key="serverVersion">5.1</value>
        <value type="int" key="setupPending">1</value>
        <value type="string" key="sys.config.path">/etc/my.cnf</value>
        <value type="string" key="sys.config.section">mysqld</value>
        <value type="string" key="sys.mysqld.start">/usr/local/mysql/support-files/mysql.server start</value>
        <value type="string" key="sys.mysqld.stop">/usr/local/mysql/support-files/mysql.server stop</value>
        <value type="string" key="sys.system">MacOS X</value>
        <value type="int" key="sys.usesudo">1</value>
      </value>
      <value type="string" key="name">traveler_127.0.0.1</value>
    </value>
    <value type="object" struct-name="db.mgmt.ServerInstance" id="49D90175-AD91-46A8-9808-3CDA6B6279F6" struct-checksum="0x367436e2">
      <link type="object" struct-name="db.mgmt.Connection" key="connection">003A5C00-9557-4E17-B5B4-7462C3E1CFF0</link>
      <value _ptr_="0x6080004b9020" type="dict" key="loginInfo"/>
      <value _ptr_="0x6080004b9080" type="dict" key="serverInfo">
        <value type="string" key="serverVersion">5.6.32</value>
        <value type="int" key="setupPending">0</value>
        <value type="string" key="sys.sudo"></value>
      </value>
      <value type="string" key="name">120.76.78.17</value>
    </value>
    <value type="object" struct-name="db.mgmt.ServerInstance" id="3CC3D522-2311-405D-8BBD-0732B6F4F97A" struct-checksum="0x367436e2">
      <link type="object" struct-name="db.mgmt.Connection" key="connection">C4BE9478-B11F-4122-A48C-DD5277027B57</link>
      <value _ptr_="0x6080004b9bc0" type="dict" key="loginInfo"/>
      <value _ptr_="0x6080004b9c20" type="dict" key="serverInfo">
        <value type="string" key="serverVersion">5.6.32</value>
        <value type="int" key="setupPending">0</value>
        <value type="string" key="sys.sudo"></value>
      </value>
      <value type="string" key="name">traveler _120.76.78.17</value>
    </value>
    <value type="object" struct-name="db.mgmt.ServerInstance" id="E7180973-701C-49D8-A9E7-F57B4FFE5611" struct-checksum="0x367436e2">
      <link type="object" struct-name="db.mgmt.Connection" key="connection">7CA0E693-F853-4D91-AED5-51A124B26DB9</link>
      <value _ptr_="0x6080004b9da0" type="dict" key="loginInfo"/>
      <value _ptr_="0x6080004b9e00" type="dict" key="serverInfo">
        <value type="string" key="serverVersion">5.7.16</value>
        <value type="int" key="setupPending">0</value>
        <value type="string" key="sys.sudo"></value>
      </value>
      <value type="string" key="name">35.163.84.117</value>
    </value>
    <value type="object" struct-name="db.mgmt.ServerInstance" id="FB39E172-DCA6-4E56-8326-ADF8A7F04136" struct-checksum="0x367436e2">
      <link type="object" struct-name="db.mgmt.Connection" key="connection">3F11D07E-4C7A-4B33-8355-B26AD8702548</link>
      <value _ptr_="0x6080004ba760" type="dict" key="loginInfo"/>
      <value _ptr_="0x6080004ba7c0" type="dict" key="serverInfo">
        <value type="string" key="serverVersion">5.7.16</value>
        <value type="int" key="setupPending">0</value>
        <value type="string" key="sys.sudo"></value>
      </value>
      <value type="string" key="name">35.163.84.117</value>
    </value>
  </value>
</data>
